{
  "dataset_id": 7,
  "name": "audiology",
  "Simple": {
    "Dimensionality": 0.30973451327433627,
    "MajorityClassPercentage": 25.221238938053098,
    "MinorityClassPercentage": 0.4424778761061947,
    "NumberOfClasses": 24.0,
    "NumberOfFeatures": 70.0,
    "NumberOfInstances": 226.0,
    "NumberOfInstancesWithMissingValues": 222.0,
    "PercentageOfBinaryFeatures": 87.14285714285714,
    "PercentageOfInstancesWithMissingValues": 98.23008849557522,
    "PercentageOfMissingValues": 2.0037926675094817,
    "PercentageOfNumericFeatures": 0.0,
    "PercentageOfSymbolicFeatures": 100.0
  },
  "Statistical": {
    "MaxKurtosisOfNumericAtts": NaN,
    "MaxMeansOfNumericAtts": NaN,
    "MaxSkewnessOfNumericAtts": NaN,
    "MaxStdDevOfNumericAtts": NaN,
    "MeanKurtosisOfNumericAtts": NaN,
    "MeanMeansOfNumericAtts": NaN,
    "MeanSkewnessOfNumericAtts": NaN,
    "MeanStdDevOfNumericAtts": NaN,
    "MinKurtosisOfNumericAtts": NaN,
    "MinMeansOfNumericAtts": NaN,
    "MinSkewnessOfNumericAtts": NaN,
    "MinStdDevOfNumericAtts": NaN
  },
  "Information_Theoretic": {
    "ClassEntropy": 3.421946787728172,
    "EquivalentNumberOfAtts": 24.870653461707807,
    "MaxAttributeEntropy": 2.1712476082112584,
    "MaxMutualInformation": 0.90344086424469,
    "MeanAttributeEntropy": 0.3181153716783362,
    "MeanMutualInformation": 0.13758974178128391,
    "MeanNoiseToSignalRatio": 1.3120573347976794,
    "MinAttributeEntropy": 0.04097202425663313,
    "MinMutualInformation": 0.00883549694617
  },
  "Landmarking": {
    "CfsSubsetEval_DecisionStumpAUC": 0.9125987988342159,
    "CfsSubsetEval_DecisionStumpErrRate": 0.26991150442477874,
    "CfsSubsetEval_NaiveBayesAUC": 0.9125987988342159,
    "CfsSubsetEval_NaiveBayesErrRate": 0.26991150442477874,
    "CfsSubsetEval_kNN1NAUC": 0.9125987988342159,
    "CfsSubsetEval_kNN1NErrRate": 0.26991150442477874,
    "DecisionStumpAUC": 0.7583676374829571,
    "DecisionStumpErrRate": 0.5353982300884956,
    "NaiveBayesAUC": 0.94654224241335,
    "NaiveBayesErrRate": 0.3805309734513274,
    "REPTreeDepth1AUC": 0.9029715201890381,
    "REPTreeDepth1ErrRate": 0.29646017699115046,
    "RandomTreeDepth1AUC": 0.7950649758384568,
    "RandomTreeDepth1ErrRate": 0.3938053097345133,
    "kNN1NAUC": 0.8718367118056953,
    "kNN1NErrRate": 0.26548672566371684
  },
  "Other": {
    "AutoCorrelation": 0.3244444444444444,
    "CfsSubsetEval_DecisionStumpKappa": 0.6830877451093079,
    "CfsSubsetEval_NaiveBayesKappa": 0.6830877451093079,
    "CfsSubsetEval_kNN1NKappa": 0.6830877451093079,
    "DecisionStumpKappa": 0.30593908629441624,
    "J48.00001.AUC": 0.920832103316091,
    "J48.00001.ErrRate": 0.25663716814159293,
    "J48.00001.Kappa": 0.6996058300485838,
    "J48.0001.AUC": 0.920832103316091,
    "J48.0001.ErrRate": 0.25663716814159293,
    "J48.0001.Kappa": 0.6996058300485838,
    "J48.001.AUC": 0.920832103316091,
    "J48.001.ErrRate": 0.25663716814159293,
    "J48.001.Kappa": 0.6996058300485838,
    "MajorityClassSize": 57.0,
    "MaxNominalAttDistinctValues": 24.0,
    "MeanNominalAttDistinctValues": 2.5428571428571423,
    "MinNominalAttDistinctValues": 2.0,
    "MinorityClassSize": 1.0,
    "NaiveBayesKappa": 0.5329231952321446,
    "NumberOfBinaryFeatures": 61.0,
    "NumberOfMissingValues": 317.0,
    "NumberOfNumericFeatures": 0.0,
    "NumberOfSymbolicFeatures": 70.0,
    "Quartile1AttributeEntropy": 0.04097202425663313,
    "Quartile1KurtosisOfNumericAtts": NaN,
    "Quartile1MeansOfNumericAtts": NaN,
    "Quartile1MutualInformation": 0.02093076313725,
    "Quartile1SkewnessOfNumericAtts": NaN,
    "Quartile1StdDevOfNumericAtts": NaN,
    "Quartile2AttributeEntropy": 0.07306611931384561,
    "Quartile2KurtosisOfNumericAtts": NaN,
    "Quartile2MeansOfNumericAtts": NaN,
    "Quartile2MutualInformation": 0.04753979394216,
    "Quartile2SkewnessOfNumericAtts": NaN,
    "Quartile2StdDevOfNumericAtts": NaN,
    "Quartile3AttributeEntropy": 0.2994113292359871,
    "Quartile3KurtosisOfNumericAtts": NaN,
    "Quartile3MeansOfNumericAtts": NaN,
    "Quartile3MutualInformation": 0.14196206092104,
    "Quartile3SkewnessOfNumericAtts": NaN,
    "Quartile3StdDevOfNumericAtts": NaN,
    "REPTreeDepth1Kappa": 0.6453282739559179,
    "REPTreeDepth2AUC": 0.9029715201890381,
    "REPTreeDepth2ErrRate": 0.29646017699115046,
    "REPTreeDepth2Kappa": 0.6453282739559179,
    "REPTreeDepth3AUC": 0.9029715201890381,
    "REPTreeDepth3ErrRate": 0.29646017699115046,
    "REPTreeDepth3Kappa": 0.6453282739559179,
    "RandomTreeDepth1Kappa": 0.5331770603662358,
    "RandomTreeDepth2AUC": 0.7950649758384568,
    "RandomTreeDepth2ErrRate": 0.3938053097345133,
    "RandomTreeDepth2Kappa": 0.5331770603662358,
    "RandomTreeDepth3AUC": 0.7950649758384568,
    "RandomTreeDepth3ErrRate": 0.3938053097345133,
    "RandomTreeDepth3Kappa": 0.5331770603662358,
    "StdvNominalAttDistinctValues": 2.7063302833328517,
    "kNN1NKappa": 0.6858274831445055
  }
}