{
  "dataset_id": 3,
  "name": "kr-vs-kp",
  "Simple": {
    "Dimensionality": 0.011576971214017523,
    "MajorityClassPercentage": 52.221526908635795,
    "MinorityClassPercentage": 47.778473091364205,
    "NumberOfClasses": 2.0,
    "NumberOfFeatures": 37.0,
    "NumberOfInstances": 3196.0,
    "NumberOfInstancesWithMissingValues": 0.0,
    "PercentageOfBinaryFeatures": 94.5945945945946,
    "PercentageOfInstancesWithMissingValues": 0.0,
    "PercentageOfMissingValues": 0.0,
    "PercentageOfNumericFeatures": 0.0,
    "PercentageOfSymbolicFeatures": 100.0
  },
  "Statistical": {
    "MaxKurtosisOfNumericAtts": NaN,
    "MaxMeansOfNumericAtts": NaN,
    "MaxSkewnessOfNumericAtts": NaN,
    "MaxStdDevOfNumericAtts": NaN,
    "MeanKurtosisOfNumericAtts": NaN,
    "MeanMeansOfNumericAtts": NaN,
    "MeanSkewnessOfNumericAtts": NaN,
    "MeanStdDevOfNumericAtts": NaN,
    "MinKurtosisOfNumericAtts": NaN,
    "MinMeansOfNumericAtts": NaN,
    "MinSkewnessOfNumericAtts": NaN,
    "MinStdDevOfNumericAtts": NaN
  },
  "Information_Theoretic": {
    "ClassEntropy": 0.9985755386554582,
    "EquivalentNumberOfAtts": 52.14040169716265,
    "MaxAttributeEntropy": 0.9956521852360185,
    "MaxMutualInformation": 0.19826687955488,
    "MeanAttributeEntropy": 0.5901482912442314,
    "MeanMutualInformation": 0.01915166562113,
    "MeanNoiseToSignalRatio": 29.814462977732955,
    "MinAttributeEntropy": 0.004094030352641959,
    "MinMutualInformation": 1.18053e-09
  },
  "Landmarking": {
    "CfsSubsetEval_DecisionStumpAUC": 0.9619120657405762,
    "CfsSubsetEval_DecisionStumpErrRate": 0.05913642052565707,
    "CfsSubsetEval_NaiveBayesAUC": 0.9619120657405762,
    "CfsSubsetEval_NaiveBayesErrRate": 0.05913642052565707,
    "CfsSubsetEval_kNN1NAUC": 0.9619120657405762,
    "CfsSubsetEval_kNN1NErrRate": 0.05913642052565707,
    "DecisionStumpAUC": 0.6714034536324981,
    "DecisionStumpErrRate": 0.33948685857321653,
    "NaiveBayesAUC": 0.9520419938608541,
    "NaiveBayesErrRate": 0.12108886107634544,
    "REPTreeDepth1AUC": 0.997615519019934,
    "REPTreeDepth1ErrRate": 0.01376720901126408,
    "RandomTreeDepth1AUC": 0.9451363376145694,
    "RandomTreeDepth1ErrRate": 0.05444305381727159,
    "kNN1NAUC": 0.9728427352982838,
    "kNN1NErrRate": 0.06914893617021277
  },
  "Other": {
    "AutoCorrelation": 0.9990610328638497,
    "CfsSubsetEval_DecisionStumpKappa": 0.8811920214059075,
    "CfsSubsetEval_NaiveBayesKappa": 0.8811920214059075,
    "CfsSubsetEval_kNN1NKappa": 0.8811920214059075,
    "DecisionStumpKappa": 0.3396437687719142,
    "J48.00001.AUC": 0.9960622907889662,
    "J48.00001.ErrRate": 0.007822277847309137,
    "J48.00001.Kappa": 0.9843258097219999,
    "J48.0001.AUC": 0.9960622907889662,
    "J48.0001.ErrRate": 0.007822277847309137,
    "J48.0001.Kappa": 0.9843258097219999,
    "J48.001.AUC": 0.9960622907889662,
    "J48.001.ErrRate": 0.007822277847309137,
    "J48.001.Kappa": 0.9843258097219999,
    "MajorityClassSize": 1669.0,
    "MaxNominalAttDistinctValues": 3.0,
    "MeanNominalAttDistinctValues": 2.027027027027027,
    "MinNominalAttDistinctValues": 2.0,
    "MinorityClassSize": 1527.0,
    "NaiveBayesKappa": 0.7569708778154078,
    "NumberOfBinaryFeatures": 35.0,
    "NumberOfMissingValues": 0.0,
    "NumberOfNumericFeatures": 0.0,
    "NumberOfSymbolicFeatures": 37.0,
    "Quartile1AttributeEntropy": 0.28756000355035294,
    "Quartile1KurtosisOfNumericAtts": NaN,
    "Quartile1MeansOfNumericAtts": NaN,
    "Quartile1MutualInformation": 0.000777595577705,
    "Quartile1SkewnessOfNumericAtts": NaN,
    "Quartile1StdDevOfNumericAtts": NaN,
    "Quartile2AttributeEntropy": 0.6794996247614244,
    "Quartile2KurtosisOfNumericAtts": NaN,
    "Quartile2MeansOfNumericAtts": NaN,
    "Quartile2MutualInformation": 0.00542648921343,
    "Quartile2SkewnessOfNumericAtts": NaN,
    "Quartile2StdDevOfNumericAtts": NaN,
    "Quartile3AttributeEntropy": 0.9132329806576945,
    "Quartile3KurtosisOfNumericAtts": NaN,
    "Quartile3MeansOfNumericAtts": NaN,
    "Quartile3MutualInformation": 0.0184861208375775,
    "Quartile3SkewnessOfNumericAtts": NaN,
    "Quartile3StdDevOfNumericAtts": NaN,
    "REPTreeDepth1Kappa": 0.972417266903898,
    "REPTreeDepth2AUC": 0.997615519019934,
    "REPTreeDepth2ErrRate": 0.01376720901126408,
    "REPTreeDepth2Kappa": 0.972417266903898,
    "REPTreeDepth3AUC": 0.997615519019934,
    "REPTreeDepth3ErrRate": 0.01376720901126408,
    "REPTreeDepth3Kappa": 0.972417266903898,
    "RandomTreeDepth1Kappa": 0.8908498653739637,
    "RandomTreeDepth2AUC": 0.9451363376145694,
    "RandomTreeDepth2ErrRate": 0.05444305381727159,
    "RandomTreeDepth2Kappa": 0.8908498653739637,
    "RandomTreeDepth3AUC": 0.9451363376145694,
    "RandomTreeDepth3ErrRate": 0.05444305381727159,
    "RandomTreeDepth3Kappa": 0.8908498653739637,
    "StdvNominalAttDistinctValues": 0.1643989873053572,
    "kNN1NKappa": 0.8609676573571107
  }
}