{
  "dataset_id": 5,
  "name": "arrhythmia",
  "Simple": {
    "Dimensionality": 0.6194690265486725,
    "MajorityClassPercentage": 54.20353982300885,
    "MinorityClassPercentage": 0.4424778761061947,
    "NumberOfClasses": 13.0,
    "NumberOfFeatures": 280.0,
    "NumberOfInstances": 452.0,
    "NumberOfInstancesWithMissingValues": 384.0,
    "PercentageOfBinaryFeatures": 26.071428571428573,
    "PercentageOfInstancesWithMissingValues": 84.95575221238938,
    "PercentageOfMissingValues": 0.3223767383059419,
    "PercentageOfNumericFeatures": 73.57142857142858,
    "PercentageOfSymbolicFeatures": 26.42857142857143
  },
  "Statistical": {
    "MaxKurtosisOfNumericAtts": 451.9999999999995,
    "MaxMeansOfNumericAtts": 367.2079646017699,
    "MaxSkewnessOfNumericAtts": 21.260291625469215,
    "MaxStdDevOfNumericAtts": 127.2202476161274,
    "MeanKurtosisOfNumericAtts": 50.38865143126648,
    "MeanMeansOfNumericAtts": 14.348604500020308,
    "MeanSkewnessOfNumericAtts": 1.3270078171214814,
    "MeanStdDevOfNumericAtts": 9.970201091913465,
    "MinKurtosisOfNumericAtts": -1.635150923094491,
    "MinMeansOfNumericAtts": -23.499115044247787,
    "MinSkewnessOfNumericAtts": -21.260291625469705,
    "MinStdDevOfNumericAtts": 0.0
  },
  "Information_Theoretic": {
    "ClassEntropy": 2.4013863002194658,
    "EquivalentNumberOfAtts": 150.93464090068497,
    "MaxAttributeEntropy": 0.9925159706595619,
    "MaxMutualInformation": 0.09630660096865,
    "MeanAttributeEntropy": 0.07461190044139092,
    "MeanMutualInformation": 0.01591010708933,
    "MeanNoiseToSignalRatio": 3.6895913410557024,
    "MinAttributeEntropy": -0.0,
    "MinMutualInformation": 0.0
  },
  "Landmarking": {
    "CfsSubsetEval_DecisionStumpAUC": 0.7653966063675891,
    "CfsSubsetEval_DecisionStumpErrRate": 0.30973451327433627,
    "CfsSubsetEval_NaiveBayesAUC": 0.7653966063675891,
    "CfsSubsetEval_NaiveBayesErrRate": 0.30973451327433627,
    "CfsSubsetEval_kNN1NAUC": 0.7653966063675891,
    "CfsSubsetEval_kNN1NErrRate": 0.30973451327433627,
    "DecisionStumpAUC": 0.6015576834475163,
    "DecisionStumpErrRate": 0.4336283185840708,
    "NaiveBayesAUC": 0.7862281086897593,
    "NaiveBayesErrRate": 0.39601769911504425,
    "REPTreeDepth1AUC": 0.7380916114923509,
    "REPTreeDepth1ErrRate": 0.3495575221238938,
    "RandomTreeDepth1AUC": 0.6217055780491048,
    "RandomTreeDepth1ErrRate": 0.5066371681415929,
    "kNN1NAUC": 0.5985703851111869,
    "kNN1NErrRate": 0.4646017699115044
  },
  "Other": {
    "AutoCorrelation": 0.35476718403547675,
    "CfsSubsetEval_DecisionStumpKappa": 0.5175505474063004,
    "CfsSubsetEval_NaiveBayesKappa": 0.5175505474063004,
    "CfsSubsetEval_kNN1NKappa": 0.5175505474063004,
    "DecisionStumpKappa": 0.1875349639126567,
    "J48.00001.AUC": 0.7383415107504332,
    "J48.00001.ErrRate": 0.34292035398230086,
    "J48.00001.Kappa": 0.47954893250330566,
    "J48.0001.AUC": 0.7383415107504332,
    "J48.0001.ErrRate": 0.34292035398230086,
    "J48.0001.Kappa": 0.47954893250330566,
    "J48.001.AUC": 0.7383415107504332,
    "J48.001.ErrRate": 0.34292035398230086,
    "J48.001.Kappa": 0.47954893250330566,
    "MajorityClassSize": 245.0,
    "MaxNominalAttDistinctValues": 13.0,
    "MeanNominalAttDistinctValues": 2.0270270270270268,
    "MinNominalAttDistinctValues": 1.0,
    "MinorityClassSize": 2.0,
    "NaiveBayesKappa": 0.40657180577966845,
    "NumberOfBinaryFeatures": 73.0,
    "NumberOfMissingValues": 408.0,
    "NumberOfNumericFeatures": 206.0,
    "NumberOfSymbolicFeatures": 74.0,
    "Quartile1AttributeEntropy": 0.022701940096212393,
    "Quartile1KurtosisOfNumericAtts": 2.165153949036563,
    "Quartile1MeansOfNumericAtts": 0.0,
    "Quartile1MutualInformation": 0.00499416704837,
    "Quartile1SkewnessOfNumericAtts": -0.6693099191844241,
    "Quartile1StdDevOfNumericAtts": 0.9692697764291425,
    "Quartile2AttributeEntropy": 0.05756491042196099,
    "Quartile2KurtosisOfNumericAtts": 7.218928058982424,
    "Quartile2MeansOfNumericAtts": 0.9319690265486724,
    "Quartile2MutualInformation": 0.01268130953652,
    "Quartile2SkewnessOfNumericAtts": 0.35488434030071475,
    "Quartile2StdDevOfNumericAtts": 3.4815895346917225,
    "Quartile3AttributeEntropy": 0.08775372581478977,
    "Quartile3KurtosisOfNumericAtts": 31.709013642172323,
    "Quartile3MeansOfNumericAtts": 19.962389380530972,
    "Quartile3MutualInformation": 0.02423945982055,
    "Quartile3SkewnessOfNumericAtts": 2.579932015880894,
    "Quartile3StdDevOfNumericAtts": 16.45076155001282,
    "REPTreeDepth1Kappa": 0.4459022244291512,
    "REPTreeDepth2AUC": 0.7380916114923509,
    "REPTreeDepth2ErrRate": 0.3495575221238938,
    "REPTreeDepth2Kappa": 0.4459022244291512,
    "REPTreeDepth3AUC": 0.7380916114923509,
    "REPTreeDepth3ErrRate": 0.3495575221238938,
    "REPTreeDepth3Kappa": 0.4459022244291512,
    "RandomTreeDepth1Kappa": 0.23296726097846543,
    "RandomTreeDepth2AUC": 0.6217055780491048,
    "RandomTreeDepth2ErrRate": 0.5066371681415929,
    "RandomTreeDepth2Kappa": 0.23296726097846543,
    "RandomTreeDepth3AUC": 0.6217055780491048,
    "RandomTreeDepth3ErrRate": 0.5066371681415929,
    "RandomTreeDepth3Kappa": 0.23296726097846543,
    "StdvNominalAttDistinctValues": 1.3341969312340396,
    "kNN1NKappa": 0.21277866242038226
  }
}