{
  "dataset_id": 4,
  "name": "labor",
  "Simple": {
    "Dimensionality": 0.2982456140350877,
    "MajorityClassPercentage": 64.91228070175438,
    "MinorityClassPercentage": 35.08771929824561,
    "NumberOfClasses": 2.0,
    "NumberOfFeatures": 17.0,
    "NumberOfInstances": 57.0,
    "NumberOfInstancesWithMissingValues": 56.0,
    "PercentageOfBinaryFeatures": 23.52941176470588,
    "PercentageOfInstancesWithMissingValues": 98.24561403508771,
    "PercentageOfMissingValues": 33.64293085655315,
    "PercentageOfNumericFeatures": 47.05882352941176,
    "PercentageOfSymbolicFeatures": 52.94117647058824
  },
  "Statistical": {
    "MaxKurtosisOfNumericAtts": 13.193068570995823,
    "MaxMeansOfNumericAtts": 38.03921568627451,
    "MaxSkewnessOfNumericAtts": 3.3180638457844434,
    "MaxStdDevOfNumericAtts": 5.027701042999452,
    "MeanKurtosisOfNumericAtts": 2.046258446813748,
    "MeanMeansOfNumericAtts": 9.412290709168722,
    "MeanSkewnessOfNumericAtts": 0.2550756866594959,
    "MeanStdDevOfNumericAtts": 2.2355097044693673,
    "MinKurtosisOfNumericAtts": -2.0354063518898693,
    "MinMeansOfNumericAtts": 2.1607142857142856,
    "MinSkewnessOfNumericAtts": -2.0072170784082766,
    "MinStdDevOfNumericAtts": 0.7077951864586436
  },
  "Information_Theoretic": {
    "ClassEntropy": 0.9348490242345945,
    "EquivalentNumberOfAtts": 9.28828714469122,
    "MaxAttributeEntropy": 1.5605046050671363,
    "MaxMutualInformation": 0.24447257116933,
    "MeanAttributeEntropy": 1.0383925362945712,
    "MeanMutualInformation": 0.100648161460955,
    "MeanNoiseToSignalRatio": 9.317054193755945,
    "MinAttributeEntropy": 0.2974722489192897,
    "MinMutualInformation": 0.01017528536252
  },
  "Landmarking": {
    "CfsSubsetEval_DecisionStumpAUC": 0.7297297297297297,
    "CfsSubsetEval_DecisionStumpErrRate": 0.24561403508771928,
    "CfsSubsetEval_NaiveBayesAUC": 0.7297297297297297,
    "CfsSubsetEval_NaiveBayesErrRate": 0.24561403508771928,
    "CfsSubsetEval_kNN1NAUC": 0.7297297297297297,
    "CfsSubsetEval_kNN1NErrRate": 0.24561403508771928,
    "DecisionStumpAUC": 0.7378378378378379,
    "DecisionStumpErrRate": 0.3157894736842105,
    "NaiveBayesAUC": 0.9445945945945946,
    "NaiveBayesErrRate": 0.07017543859649122,
    "REPTreeDepth1AUC": 0.6040540540540541,
    "REPTreeDepth1ErrRate": 0.21052631578947367,
    "RandomTreeDepth1AUC": 0.7500711237553342,
    "RandomTreeDepth1ErrRate": 0.2982456140350877,
    "kNN1NAUC": 0.7675675675675676,
    "kNN1NErrRate": 0.21052631578947367
  },
  "Other": {
    "AutoCorrelation": 0.75,
    "CfsSubsetEval_DecisionStumpKappa": 0.4608108108108108,
    "CfsSubsetEval_NaiveBayesKappa": 0.4608108108108108,
    "CfsSubsetEval_kNN1NKappa": 0.4608108108108108,
    "DecisionStumpKappa": 0.32232496697490093,
    "J48.00001.AUC": 0.8054054054054054,
    "J48.00001.ErrRate": 0.2807017543859649,
    "J48.00001.Kappa": 0.41085271317829464,
    "J48.0001.AUC": 0.8054054054054054,
    "J48.0001.ErrRate": 0.2807017543859649,
    "J48.0001.Kappa": 0.41085271317829464,
    "J48.001.AUC": 0.8054054054054054,
    "J48.001.ErrRate": 0.2807017543859649,
    "J48.001.Kappa": 0.41085271317829464,
    "MajorityClassSize": 37.0,
    "MaxNominalAttDistinctValues": 3.0,
    "MeanNominalAttDistinctValues": 2.5555555555555554,
    "MinNominalAttDistinctValues": 2.0,
    "MinorityClassSize": 20.0,
    "NaiveBayesKappa": 0.845945945945946,
    "NumberOfBinaryFeatures": 4.0,
    "NumberOfMissingValues": 326.0,
    "NumberOfNumericFeatures": 8.0,
    "NumberOfSymbolicFeatures": 9.0,
    "Quartile1AttributeEntropy": 0.6244896350927029,
    "Quartile1KurtosisOfNumericAtts": -1.413442063840237,
    "Quartile1MeansOfNumericAtts": 3.8310119047619047,
    "Quartile1MutualInformation": 0.0336959149271975,
    "Quartile1SkewnessOfNumericAtts": -0.5630562624901791,
    "Quartile1StdDevOfNumericAtts": 1.187969733292903,
    "Quartile2AttributeEntropy": 1.0889602035585444,
    "Quartile2KurtosisOfNumericAtts": -0.2634387154565929,
    "Quartile2MeansOfNumericAtts": 4.421353436185133,
    "Quartile2MutualInformation": 0.07970808701396001,
    "Quartile2SkewnessOfNumericAtts": 0.1585498852098189,
    "Quartile2StdDevOfNumericAtts": 1.3374554220264092,
    "Quartile3AttributeEntropy": 1.48049792155805,
    "Quartile3KurtosisOfNumericAtts": 5.1804637540929885,
    "Quartile3MeansOfNumericAtts": 10.181865828092244,
    "Quartile3MutualInformation": 0.158427693407435,
    "Quartile3SkewnessOfNumericAtts": 0.8086595304734336,
    "Quartile3StdDevOfNumericAtts": 4.034545918750684,
    "REPTreeDepth1Kappa": 0.5155807365439093,
    "REPTreeDepth2AUC": 0.6040540540540541,
    "REPTreeDepth2ErrRate": 0.21052631578947367,
    "REPTreeDepth2Kappa": 0.5155807365439093,
    "REPTreeDepth3AUC": 0.6040540540540541,
    "REPTreeDepth3ErrRate": 0.21052631578947367,
    "REPTreeDepth3Kappa": 0.5155807365439093,
    "RandomTreeDepth1Kappa": 0.3376623376623376,
    "RandomTreeDepth2AUC": 0.7500711237553342,
    "RandomTreeDepth2ErrRate": 0.2982456140350877,
    "RandomTreeDepth2Kappa": 0.3376623376623376,
    "RandomTreeDepth3AUC": 0.7500711237553342,
    "RandomTreeDepth3ErrRate": 0.2982456140350877,
    "RandomTreeDepth3Kappa": 0.3376623376623376,
    "StdvNominalAttDistinctValues": 0.5270462766947299,
    "kNN1NKappa": 0.5581395348837209
  }
}