{
  "dataset_id": 6,
  "name": "letter",
  "Simple": {
    "Dimensionality": 0.00085,
    "MajorityClassPercentage": 4.0649999999999995,
    "MinorityClassPercentage": 3.6700000000000004,
    "NumberOfClasses": 26.0,
    "NumberOfFeatures": 17.0,
    "NumberOfInstances": 20000.0,
    "NumberOfInstancesWithMissingValues": 0.0,
    "PercentageOfBinaryFeatures": 0.0,
    "PercentageOfInstancesWithMissingValues": 0.0,
    "PercentageOfMissingValues": 0.0,
    "PercentageOfNumericFeatures": 94.11764705882352,
    "PercentageOfSymbolicFeatures": 5.88235294117647
  },
  "Statistical": {
    "MaxKurtosisOfNumericAtts": 2.075245046157538,
    "MaxMeansOfNumericAtts": 8.338849999999995,
    "MaxSkewnessOfNumericAtts": 1.1599750154235924,
    "MaxStdDevOfNumericAtts": 3.304555303560269,
    "MeanKurtosisOfNumericAtts": 0.6977379005298701,
    "MeanMeansOfNumericAtts": 5.925465624999998,
    "MeanSkewnessOfNumericAtts": 0.29029703410184804,
    "MeanStdDevOfNumericAtts": 2.273771145446362,
    "MinKurtosisOfNumericAtts": -0.4211788221168451,
    "MinMeansOfNumericAtts": 3.046099999999995,
    "MinSkewnessOfNumericAtts": -0.31007906987268463,
    "MinStdDevOfNumericAtts": 1.5467224363199539
  },
  "Information_Theoretic": {
    "ClassEntropy": 4.69981072657316,
    "EquivalentNumberOfAtts": NaN,
    "MaxAttributeEntropy": NaN,
    "MaxMutualInformation": NaN,
    "MeanAttributeEntropy": NaN,
    "MeanMutualInformation": NaN,
    "MeanNoiseToSignalRatio": NaN,
    "MinAttributeEntropy": NaN,
    "MinMutualInformation": NaN
  },
  "Landmarking": {
    "CfsSubsetEval_DecisionStumpAUC": 0.9425298055650914,
    "CfsSubsetEval_DecisionStumpErrRate": 0.15215,
    "CfsSubsetEval_NaiveBayesAUC": 0.9425298055650914,
    "CfsSubsetEval_NaiveBayesErrRate": 0.15215,
    "CfsSubsetEval_kNN1NAUC": 0.9425298055650914,
    "CfsSubsetEval_kNN1NErrRate": 0.15215,
    "DecisionStumpAUC": 0.6574545268026781,
    "DecisionStumpErrRate": 0.9293,
    "NaiveBayesAUC": 0.9559207236903551,
    "NaiveBayesErrRate": 0.36025,
    "REPTreeDepth1AUC": 0.9544303249787935,
    "REPTreeDepth1ErrRate": 0.20315,
    "RandomTreeDepth1AUC": 0.9080139521161272,
    "RandomTreeDepth1ErrRate": 0.1769,
    "kNN1NAUC": 0.9731018928391187,
    "kNN1NErrRate": 0.05785
  },
  "Other": {
    "AutoCorrelation": 0.04090204510225511,
    "CfsSubsetEval_DecisionStumpKappa": 0.841756863867533,
    "CfsSubsetEval_NaiveBayesKappa": 0.841756863867533,
    "CfsSubsetEval_kNN1NKappa": 0.841756863867533,
    "DecisionStumpKappa": 0.03276976655404448,
    "J48.00001.AUC": 0.9379676053125593,
    "J48.00001.ErrRate": 0.15865,
    "J48.00001.Kappa": 0.8349979241615618,
    "J48.0001.AUC": 0.9379676053125593,
    "J48.0001.ErrRate": 0.15865,
    "J48.0001.Kappa": 0.8349979241615618,
    "J48.001.AUC": 0.9379676053125593,
    "J48.001.ErrRate": 0.15865,
    "J48.001.Kappa": 0.8349979241615618,
    "MajorityClassSize": 813.0,
    "MaxNominalAttDistinctValues": 26.0,
    "MeanNominalAttDistinctValues": 26.0,
    "MinNominalAttDistinctValues": 26.0,
    "MinorityClassSize": 734.0,
    "NaiveBayesKappa": 0.6253250509940796,
    "NumberOfBinaryFeatures": 0.0,
    "NumberOfMissingValues": 0.0,
    "NumberOfNumericFeatures": 16.0,
    "NumberOfSymbolicFeatures": 1.0,
    "Quartile1AttributeEntropy": NaN,
    "Quartile1KurtosisOfNumericAtts": 0.3091324958538607,
    "Quartile1MeansOfNumericAtts": 4.174812499999999,
    "Quartile1MutualInformation": NaN,
    "Quartile1SkewnessOfNumericAtts": -0.13733042812365298,
    "Quartile1StdDevOfNumericAtts": 2.017438812826727,
    "Quartile2AttributeEntropy": NaN,
    "Quartile2KurtosisOfNumericAtts": 0.8853044390128566,
    "Quartile2MeansOfNumericAtts": 5.913225000000001,
    "Quartile2MutualInformation": NaN,
    "Quartile2SkewnessOfNumericAtts": 0.2543345879398813,
    "Quartile2StdDevOfNumericAtts": 2.2933721022270195,
    "Quartile3AttributeEntropy": NaN,
    "Quartile3KurtosisOfNumericAtts": 1.1728389823381402,
    "Quartile3MeansOfNumericAtts": 7.7260124999999995,
    "Quartile3MutualInformation": NaN,
    "Quartile3SkewnessOfNumericAtts": 0.653378002627639,
    "Quartile3StdDevOfNumericAtts": 2.5474231354919117,
    "REPTreeDepth1Kappa": 0.7887152321892192,
    "REPTreeDepth2AUC": 0.9544303249787935,
    "REPTreeDepth2ErrRate": 0.20315,
    "REPTreeDepth2Kappa": 0.7887152321892192,
    "REPTreeDepth3AUC": 0.9544303249787935,
    "REPTreeDepth3ErrRate": 0.20315,
    "REPTreeDepth3Kappa": 0.7887152321892192,
    "RandomTreeDepth1Kappa": 0.816017080292,
    "RandomTreeDepth2AUC": 0.9080139521161272,
    "RandomTreeDepth2ErrRate": 0.1769,
    "RandomTreeDepth2Kappa": 0.816017080292,
    "RandomTreeDepth3AUC": 0.9080139521161272,
    "RandomTreeDepth3ErrRate": 0.1769,
    "RandomTreeDepth3Kappa": 0.816017080292,
    "StdvNominalAttDistinctValues": 0.0,
    "kNN1NKappa": 0.939833878217649
  }
}