{
  "dataset_id": 2,
  "name": "anneal",
  "Simple": {
    "Dimensionality": 0.043429844097995544,
    "MajorityClassPercentage": 76.16926503340757,
    "MinorityClassPercentage": 0.8908685968819599,
    "NumberOfClasses": 5.0,
    "NumberOfFeatures": 39.0,
    "NumberOfInstances": 898.0,
    "NumberOfInstancesWithMissingValues": 898.0,
    "PercentageOfBinaryFeatures": 10.256410256410255,
    "PercentageOfInstancesWithMissingValues": 100.0,
    "PercentageOfMissingValues": 63.317343384158534,
    "PercentageOfNumericFeatures": 15.384615384615385,
    "PercentageOfSymbolicFeatures": 84.61538461538461
  },
  "Statistical": {
    "MaxKurtosisOfNumericAtts": 13.215477213878724,
    "MaxMeansOfNumericAtts": 1263.0946547884187,
    "MaxSkewnessOfNumericAtts": 3.7616019689156888,
    "MaxStdDevOfNumericAtts": 1871.3991072665933,
    "MeanKurtosisOfNumericAtts": 4.6480244352098286,
    "MeanMeansOfNumericAtts": 348.50426818856715,
    "MeanSkewnessOfNumericAtts": 2.0269825910719437,
    "MeanStdDevOfNumericAtts": 405.17326983791025,
    "MinKurtosisOfNumericAtts": -0.9723842038435437,
    "MinMeansOfNumericAtts": 1.1985489977728285,
    "MinSkewnessOfNumericAtts": 0.07299048442083138,
    "MinStdDevOfNumericAtts": 0.871208280971892
  },
  "Information_Theoretic": {
    "ClassEntropy": 1.189833856204398,
    "EquivalentNumberOfAtts": 26.839183802676523,
    "MaxAttributeEntropy": 1.8215224482924186,
    "MaxMutualInformation": 0.40908953764451,
    "MeanAttributeEntropy": 0.2515351603742048,
    "MeanMutualInformation": 0.044331968697414056,
    "MeanNoiseToSignalRatio": 4.673900071775454,
    "MinAttributeEntropy": -0.0,
    "MinMutualInformation": 0.0
  },
  "Landmarking": {
    "CfsSubsetEval_DecisionStumpAUC": 0.9067742570970945,
    "CfsSubsetEval_DecisionStumpErrRate": 0.13251670378619154,
    "CfsSubsetEval_NaiveBayesAUC": 0.9067742570970945,
    "CfsSubsetEval_NaiveBayesErrRate": 0.13251670378619154,
    "CfsSubsetEval_kNN1NAUC": 0.9067742570970945,
    "CfsSubsetEval_kNN1NErrRate": 0.13251670378619154,
    "DecisionStumpAUC": 0.8652735384332186,
    "DecisionStumpErrRate": 0.22828507795100222,
    "NaiveBayesAUC": 0.9315907109421729,
    "NaiveBayesErrRate": 0.24610244988864144,
    "REPTreeDepth1AUC": 0.962680369298288,
    "REPTreeDepth1ErrRate": 0.08463251670378619,
    "RandomTreeDepth1AUC": 0.9296999989655875,
    "RandomTreeDepth1ErrRate": 0.0801781737193764,
    "kNN1NAUC": 0.8721948540771287,
    "kNN1NErrRate": 0.06347438752783964
  },
  "Other": {
    "AutoCorrelation": 0.6064659977703456,
    "CfsSubsetEval_DecisionStumpKappa": 0.6191022730108037,
    "CfsSubsetEval_NaiveBayesKappa": 0.6191022730108037,
    "CfsSubsetEval_kNN1NKappa": 0.6191022730108037,
    "DecisionStumpKappa": 0.4503332218612649,
    "J48.00001.AUC": 0.9391585368767195,
    "J48.00001.ErrRate": 0.10356347438752785,
    "J48.00001.Kappa": 0.7043302166347443,
    "J48.0001.AUC": 0.9391585368767195,
    "J48.0001.ErrRate": 0.10356347438752785,
    "J48.0001.Kappa": 0.7043302166347443,
    "J48.001.AUC": 0.9391585368767195,
    "J48.001.ErrRate": 0.10356347438752785,
    "J48.001.Kappa": 0.7043302166347443,
    "MajorityClassSize": 684.0,
    "MaxNominalAttDistinctValues": 7.0,
    "MeanNominalAttDistinctValues": 1.6363636363636362,
    "MinNominalAttDistinctValues": 0.0,
    "MinorityClassSize": 8.0,
    "NaiveBayesKappa": 0.5569590016631507,
    "NumberOfBinaryFeatures": 4.0,
    "NumberOfMissingValues": 22175.0,
    "NumberOfNumericFeatures": 6.0,
    "NumberOfSymbolicFeatures": 33.0,
    "Quartile1AttributeEntropy": 0.0,
    "Quartile1KurtosisOfNumericAtts": -0.40305022089010156,
    "Quartile1MeansOfNumericAtts": 3.025695155902005,
    "Quartile1MutualInformation": 0.0,
    "Quartile1SkewnessOfNumericAtts": 0.967384603629726,
    "Quartile1StdDevOfNumericAtts": 10.505435772171138,
    "Quartile2AttributeEntropy": 0.0,
    "Quartile2KurtosisOfNumericAtts": 1.6372437439142264,
    "Quartile2MeansOfNumericAtts": 21.222160356347437,
    "Quartile2MutualInformation": 0.0,
    "Quartile2SkewnessOfNumericAtts": 1.6547313364025702,
    "Quartile2StdDevOfNumericAtts": 69.85338529046133,
    "Quartile3AttributeEntropy": 0.2385631077559124,
    "Quartile3KurtosisOfNumericAtts": 12.741748058445403,
    "Quartile3MeansOfNumericAtts": 901.2636692650334,
    "Quartile3MutualInformation": 0.0206465881071925,
    "Quartile3SkewnessOfNumericAtts": 3.7546438249219056,
    "Quartile3StdDevOfNumericAtts": 771.8590427889504,
    "REPTreeDepth1Kappa": 0.768583383630482,
    "REPTreeDepth2AUC": 0.962680369298288,
    "REPTreeDepth2ErrRate": 0.08463251670378619,
    "REPTreeDepth2Kappa": 0.768583383630482,
    "REPTreeDepth3AUC": 0.962680369298288,
    "REPTreeDepth3ErrRate": 0.08463251670378619,
    "REPTreeDepth3Kappa": 0.768583383630482,
    "RandomTreeDepth1Kappa": 0.7953250436852635,
    "RandomTreeDepth2AUC": 0.9296999989655875,
    "RandomTreeDepth2ErrRate": 0.0801781737193764,
    "RandomTreeDepth2Kappa": 0.7953250436852635,
    "RandomTreeDepth3AUC": 0.9296999989655875,
    "RandomTreeDepth3ErrRate": 0.0801781737193764,
    "RandomTreeDepth3Kappa": 0.7953250436852635,
    "StdvNominalAttDistinctValues": 1.5576059718800395,
    "kNN1NKappa": 0.8261102938928316
  }
}