{
  "dataset_id": 10,
  "name": "lymph",
  "Simple": {
    "Dimensionality": 0.12837837837837837,
    "MajorityClassPercentage": 54.729729729729726,
    "MinorityClassPercentage": 1.3513513513513513,
    "NumberOfClasses": 4.0,
    "NumberOfFeatures": 19.0,
    "NumberOfInstances": 148.0,
    "NumberOfInstancesWithMissingValues": 0.0,
    "PercentageOfBinaryFeatures": 47.368421052631575,
    "PercentageOfInstancesWithMissingValues": 0.0,
    "PercentageOfMissingValues": 0.0,
    "PercentageOfNumericFeatures": 15.789473684210526,
    "PercentageOfSymbolicFeatures": 84.21052631578947
  },
  "Statistical": {
    "MaxKurtosisOfNumericAtts": 29.749465128075876,
    "MaxMeansOfNumericAtts": 2.6013513513513518,
    "MaxSkewnessOfNumericAtts": 5.442361694493849,
    "MaxStdDevOfNumericAtts": 1.9050233089611373,
    "MeanKurtosisOfNumericAtts": 9.883463404163178,
    "MeanMeansOfNumericAtts": 2.045045045045045,
    "MeanSkewnessOfNumericAtts": 2.326489482053779,
    "MeanStdDevOfNumericAtts": 1.0184023049334343,
    "MinKurtosisOfNumericAtts": -0.5040960482425287,
    "MinMeansOfNumericAtts": 1.060810810810811,
    "MinSkewnessOfNumericAtts": 0.33379516180165014,
    "MinStdDevOfNumericAtts": 0.3135565426849874
  },
  "Information_Theoretic": {
    "ClassEntropy": 1.2276775019465804,
    "EquivalentNumberOfAtts": 9.37680223405617,
    "MaxAttributeEntropy": 2.527125737973009,
    "MaxMutualInformation": 0.40188387586188,
    "MeanAttributeEntropy": 1.1174061851513224,
    "MeanMutualInformation": 0.13092709767170999,
    "MeanNoiseToSignalRatio": 7.534567748176438,
    "MinAttributeEntropy": 0.2748031957462935,
    "MinMutualInformation": 0.02911996300275
  },
  "Landmarking": {
    "CfsSubsetEval_DecisionStumpAUC": 0.7924545850419331,
    "CfsSubsetEval_DecisionStumpErrRate": 0.23648648648648649,
    "CfsSubsetEval_NaiveBayesAUC": 0.7924545850419331,
    "CfsSubsetEval_NaiveBayesErrRate": 0.23648648648648649,
    "CfsSubsetEval_kNN1NAUC": 0.7924545850419331,
    "CfsSubsetEval_kNN1NErrRate": 0.23648648648648649,
    "DecisionStumpAUC": 0.7715656536027917,
    "DecisionStumpErrRate": 0.24324324324324326,
    "NaiveBayesAUC": 0.9083282647773021,
    "NaiveBayesErrRate": 0.1554054054054054,
    "REPTreeDepth1AUC": 0.7466579226863443,
    "REPTreeDepth1ErrRate": 0.2905405405405405,
    "RandomTreeDepth1AUC": 0.7576210719961072,
    "RandomTreeDepth1ErrRate": 0.24324324324324326,
    "kNN1NAUC": 0.8277376333822596,
    "kNN1NErrRate": 0.19594594594594594
  },
  "Other": {
    "AutoCorrelation": 0.5034013605442177,
    "CfsSubsetEval_DecisionStumpKappa": 0.5474401537655076,
    "CfsSubsetEval_NaiveBayesKappa": 0.5474401537655076,
    "CfsSubsetEval_kNN1NKappa": 0.5474401537655076,
    "DecisionStumpKappa": 0.5316455696202532,
    "J48.00001.AUC": 0.8035040133716935,
    "J48.00001.ErrRate": 0.24324324324324326,
    "J48.00001.Kappa": 0.55,
    "J48.0001.AUC": 0.8035040133716935,
    "J48.0001.ErrRate": 0.24324324324324326,
    "J48.0001.Kappa": 0.55,
    "J48.001.AUC": 0.8035040133716935,
    "J48.001.ErrRate": 0.24324324324324326,
    "J48.001.Kappa": 0.55,
    "MajorityClassSize": 81.0,
    "MaxNominalAttDistinctValues": 8.0,
    "MeanNominalAttDistinctValues": 3.0,
    "MinNominalAttDistinctValues": 2.0,
    "MinorityClassSize": 2.0,
    "NaiveBayesKappa": 0.7014820661229503,
    "NumberOfBinaryFeatures": 9.0,
    "NumberOfMissingValues": 0.0,
    "NumberOfNumericFeatures": 3.0,
    "NumberOfSymbolicFeatures": 16.0,
    "Quartile1AttributeEntropy": 0.7404482452691425,
    "Quartile1KurtosisOfNumericAtts": -0.5040960482425287,
    "Quartile1MeansOfNumericAtts": 1.060810810810811,
    "Quartile1MutualInformation": 0.0637948721468,
    "Quartile1SkewnessOfNumericAtts": 0.33379516180165014,
    "Quartile1StdDevOfNumericAtts": 0.3135565426849874,
    "Quartile2AttributeEntropy": 0.9915528503834039,
    "Quartile2KurtosisOfNumericAtts": 0.40502113265619144,
    "Quartile2MeansOfNumericAtts": 2.472972972972973,
    "Quartile2MutualInformation": 0.135651202733,
    "Quartile2SkewnessOfNumericAtts": 1.2033115898658382,
    "Quartile2StdDevOfNumericAtts": 0.8366270631541782,
    "Quartile3AttributeEntropy": 1.6082585569929884,
    "Quartile3KurtosisOfNumericAtts": 29.749465128075876,
    "Quartile3MeansOfNumericAtts": 2.6013513513513518,
    "Quartile3MutualInformation": 0.17368798992783,
    "Quartile3SkewnessOfNumericAtts": 5.442361694493849,
    "Quartile3StdDevOfNumericAtts": 1.9050233089611373,
    "REPTreeDepth1Kappa": 0.430361618331543,
    "REPTreeDepth2AUC": 0.7466579226863443,
    "REPTreeDepth2ErrRate": 0.2905405405405405,
    "REPTreeDepth2Kappa": 0.430361618331543,
    "REPTreeDepth3AUC": 0.7466579226863443,
    "REPTreeDepth3ErrRate": 0.2905405405405405,
    "REPTreeDepth3Kappa": 0.430361618331543,
    "RandomTreeDepth1Kappa": 0.5295364238410597,
    "RandomTreeDepth2AUC": 0.7576210719961072,
    "RandomTreeDepth2ErrRate": 0.24324324324324326,
    "RandomTreeDepth2Kappa": 0.5295364238410597,
    "RandomTreeDepth3AUC": 0.7576210719961072,
    "RandomTreeDepth3ErrRate": 0.24324324324324326,
    "RandomTreeDepth3Kappa": 0.5295364238410597,
    "StdvNominalAttDistinctValues": 1.591644851508443,
    "kNN1NKappa": 0.6237068209714186
  }
}