{
  "dataset_id": 9,
  "name": "autos",
  "Simple": {
    "Dimensionality": 0.12682926829268293,
    "MajorityClassPercentage": 32.6829268292683,
    "MinorityClassPercentage": 1.4634146341463417,
    "NumberOfClasses": 6.0,
    "NumberOfFeatures": 26.0,
    "NumberOfInstances": 205.0,
    "NumberOfInstancesWithMissingValues": 46.0,
    "PercentageOfBinaryFeatures": 15.384615384615385,
    "PercentageOfInstancesWithMissingValues": 22.439024390243905,
    "PercentageOfMissingValues": 1.1069418386491556,
    "PercentageOfNumericFeatures": 57.692307692307686,
    "PercentageOfSymbolicFeatures": 42.30769230769231
  },
  "Statistical": {
    "MaxKurtosisOfNumericAtts": 5.3056820917037495,
    "MaxMeansOfNumericAtts": 13207.12935323383,
    "MaxSkewnessOfNumericAtts": 2.610862457615158,
    "MaxStdDevOfNumericAtts": 7947.066341939271,
    "MeanKurtosisOfNumericAtts": 1.3593185995836767,
    "MeanMeansOfNumericAtts": 1447.0910079157657,
    "MeanSkewnessOfNumericAtts": 0.7995814630212839,
    "MeanStdDevOfNumericAtts": 606.9879337570025,
    "MinKurtosisOfNumericAtts": -0.8289454004870125,
    "MinMeansOfNumericAtts": 3.2554228855721394,
    "MinSkewnessOfNumericAtts": -0.6831221940577388,
    "MinStdDevOfNumericAtts": 0.2735387318295989
  },
  "Information_Theoretic": {
    "ClassEntropy": 2.272474018783028,
    "EquivalentNumberOfAtts": 7.90721333507133,
    "MaxAttributeEntropy": 4.117919521294445,
    "MaxMutualInformation": 0.92107332056188,
    "MeanAttributeEntropy": 1.3925776867040678,
    "MeanMutualInformation": 0.287392526606534,
    "MeanNoiseToSignalRatio": 3.8455598450916946,
    "MinAttributeEntropy": 0.11014543112483141,
    "MinMutualInformation": 0.04098129634827
  },
  "Landmarking": {
    "CfsSubsetEval_DecisionStumpAUC": 0.8428617571439985,
    "CfsSubsetEval_DecisionStumpErrRate": 0.36097560975609755,
    "CfsSubsetEval_NaiveBayesAUC": 0.8428617571439985,
    "CfsSubsetEval_NaiveBayesErrRate": 0.36097560975609755,
    "CfsSubsetEval_kNN1NAUC": 0.8428617571439985,
    "CfsSubsetEval_kNN1NErrRate": 0.36097560975609755,
    "DecisionStumpAUC": 0.6939051793496049,
    "DecisionStumpErrRate": 0.551219512195122,
    "NaiveBayesAUC": 0.8368489595499649,
    "NaiveBayesErrRate": 0.4195121951219512,
    "REPTreeDepth1AUC": 0.8037206601945793,
    "REPTreeDepth1ErrRate": 0.43902439024390244,
    "RandomTreeDepth1AUC": 0.8425262612063481,
    "RandomTreeDepth1ErrRate": 0.2682926829268293,
    "kNN1NAUC": 0.8258624934997548,
    "kNN1NErrRate": 0.25853658536585367
  },
  "Other": {
    "AutoCorrelation": 0.6323529411764706,
    "CfsSubsetEval_DecisionStumpKappa": 0.5260115606936416,
    "CfsSubsetEval_NaiveBayesKappa": 0.5260115606936416,
    "CfsSubsetEval_kNN1NKappa": 0.5260115606936416,
    "DecisionStumpKappa": 0.21367956551255943,
    "J48.00001.AUC": 0.8566956627501698,
    "J48.00001.ErrRate": 0.3121951219512195,
    "J48.00001.Kappa": 0.5980145842269746,
    "J48.0001.AUC": 0.8566956627501698,
    "J48.0001.ErrRate": 0.3121951219512195,
    "J48.0001.Kappa": 0.5980145842269746,
    "J48.001.AUC": 0.8566956627501698,
    "J48.001.ErrRate": 0.3121951219512195,
    "J48.001.Kappa": 0.5980145842269746,
    "MajorityClassSize": 67.0,
    "MaxNominalAttDistinctValues": 22.0,
    "MeanNominalAttDistinctValues": 6.0,
    "MinNominalAttDistinctValues": 2.0,
    "MinorityClassSize": 3.0,
    "NaiveBayesKappa": 0.46246722361119574,
    "NumberOfBinaryFeatures": 4.0,
    "NumberOfMissingValues": 59.0,
    "NumberOfNumericFeatures": 15.0,
    "NumberOfSymbolicFeatures": 11.0,
    "Quartile1AttributeEntropy": 0.6261612741901125,
    "Quartile1KurtosisOfNumericAtts": -0.042853766099905766,
    "Quartile1MeansOfNumericAtts": 25.21951219512195,
    "Quartile1MutualInformation": 0.057897892440332506,
    "Quartile1SkewnessOfNumericAtts": 0.07323669149378212,
    "Quartile1StdDevOfNumericAtts": 2.443521969904905,
    "Quartile2AttributeEntropy": 1.1852128661037806,
    "Quartile2KurtosisOfNumericAtts": 0.578648340484976,
    "Quartile2MeansOfNumericAtts": 98.75658536585365,
    "Quartile2MutualInformation": 0.22060528963958498,
    "Quartile2SkewnessOfNumericAtts": 0.6813981890525873,
    "Quartile2StdDevOfNumericAtts": 6.88644313094182,
    "Quartile3AttributeEntropy": 1.7974373444255942,
    "Quartile3KurtosisOfNumericAtts": 2.623279794217764,
    "Quartile3MeansOfNumericAtts": 174.04926829268294,
    "Quartile3MutualInformation": 0.42403249862553505,
    "Quartile3SkewnessOfNumericAtts": 1.391029493792932,
    "Quartile3StdDevOfNumericAtts": 41.64269343817983,
    "REPTreeDepth1Kappa": 0.41763201919131343,
    "REPTreeDepth2AUC": 0.8037206601945793,
    "REPTreeDepth2ErrRate": 0.43902439024390244,
    "REPTreeDepth2Kappa": 0.41763201919131343,
    "REPTreeDepth3AUC": 0.8037206601945793,
    "REPTreeDepth3ErrRate": 0.43902439024390244,
    "REPTreeDepth3Kappa": 0.41763201919131343,
    "RandomTreeDepth1Kappa": 0.6514359909728877,
    "RandomTreeDepth2AUC": 0.8425262612063481,
    "RandomTreeDepth2ErrRate": 0.2682926829268293,
    "RandomTreeDepth2Kappa": 0.6514359909728877,
    "RandomTreeDepth3AUC": 0.8425262612063481,
    "RandomTreeDepth3ErrRate": 0.2682926829268293,
    "RandomTreeDepth3Kappa": 0.6514359909728877,
    "StdvNominalAttDistinctValues": 5.796550698475776,
    "kNN1NKappa": 0.6663288495792642
  }
}